Workbook
Name Seed: Generator!$B$4
Name StartDate: Generator!$B$5
Name Days: Generator!$B$6
Name Dist: Generator!$B$7
Name DistA: Generator!$B$8
Name DistB: Generator!$B$9
Name Rho: Generator!$B$10
Name Trend: Generator!$B$11
Name Spread: Generator!$B$12
Name Dow: Generator!$B$16:$H$16
Name MineNames: Generator!$B$19:$B$28
Name MineCount: Generator!$B$29
Name EvDate: Generator!$B$33:$B$38
Name EvDur: Generator!$C$33:$C$38
Name EvFactor: Generator!$D$33:$D$38
Name EvProb: Generator!$E$33:$E$38
Name EvN: Generator!$F$33:$F$38
Name MineScale: Helpers!$C$2:$C$11
Name EvEff: Helpers!$B$14:$B$19
Name EvCenter: Helpers!$C$14:$C$19
Name EvSigma: Helpers!$D$14:$D$19
Name Affected: Helpers!$O$14:$X$19

Sheet Generator
A1: Weyland-Yutani Corporation | Mining Ops Simulator
A3: Range and randomness
A4: Seed | B4: 42
A5: Start date | B5: 46023
A6: Days (1-730) | B6: 180
A7: Distribution | B7: Normal
A8: =IF(Dist="Normal","Mean","Minimum") | B8: 1000
A9: =IF(Dist="Normal","Standard deviation","Maximum") | B9: 120
A10: Smoothing / correlation (0-0.99) | B10: 0.75
A11: Trend (growth per day) | B11: 0.001
A12: Mine size spread | B12: 0.3
A14: Day-of-week factors
B15: Mon | C15: Tue | D15: Wed | E15: Thu | F15: Fri | G15: Sat | H15: Sun
A16: Output multiplier | B16: 1 | C16: 1.02 | D16: 1.03 | E16: 1.01 | F16: 0.97 | G16: 0.75 | H16: 0.6
A18: Mines (fill from the top, up to 10)
A19: Mine 1 | B19: LV-426
A20: Mine 2 | B20: Origae-6
A21: Mine 3 | B21: Fiorina 161
A22: Mine 4 | B22: Hadley's Hope
A23: Mine 5 | B23: Thedus
A24: Mine 6
A25: Mine 7
A26: Mine 8
A27: Mine 9
A28: Mine 10
A29: Number of mines | B29: =COUNTA(MineNames)
A31: Events (spikes and drops, bell-shaped)
A32: Event | B32: Date | C32: Duration (days) | D32: Factor | E32: Probability | F32: Mines affected
A33: Event 1 | B33: 46063 | C33: 4 | D33: 0.35 | E33: 1
A34: Event 2 | B34: 46101 | C34: 2 | D34: 1.8 | E34: 0.5
A35: Event 3 | B35: 46137 | C35: 6 | D35: 0.6 | F35: 2
A36: Event 4 | B36: 46172 | C36: 3 | D36: 1.6 | E36: 0.3
A37: Event 5
A38: Event 6
A40: Yellow cells are inputs. Factor < 1 is a drop, > 1 is a spike. Probability is the chance that a mine is affected; if 'Mines affected' is set, exactly that many randomly chosen mines are affected instead. Results are reproducible for the same seed.

Sheet Data
A1: Date | B1: Mine | C1: Output
A2: =IF(Calc!$B2,Calc!E2,"") | B2: =IF(Calc!$B2,INDEX(MineNames,Calc!C2),"") | C2: =IF(Calc!$B2,Calc!O2,"")
A3: =IF(Calc!$B3,Calc!E3,"") | B3: =IF(Calc!$B3,INDEX(MineNames,Calc!C3),"") | C3: =IF(Calc!$B3,Calc!O3,"")
A4: =IF(Calc!$B4,Calc!E4,"") | B4: =IF(Calc!$B4,INDEX(MineNames,Calc!C4),"") | C4: =IF(Calc!$B4,Calc!O4,"")
A5: =IF(Calc!$B5,Calc!E5,"") | B5: =IF(Calc!$B5,INDEX(MineNames,Calc!C5),"") | C5: =IF(Calc!$B5,Calc!O5,"")
A6: =IF(Calc!$B6,Calc!E6,"") | B6: =IF(Calc!$B6,INDEX(MineNames,Calc!C6),"") | C6: =IF(Calc!$B6,Calc!O6,"")
A7: =IF(Calc!$B7,Calc!E7,"") | B7: =IF(Calc!$B7,INDEX(MineNames,Calc!C7),"") | C7: =IF(Calc!$B7,Calc!O7,"")
A8: =IF(Calc!$B8,Calc!E8,"") | B8: =IF(Calc!$B8,INDEX(MineNames,Calc!C8),"") | C8: =IF(Calc!$B8,Calc!O8,"")
A9: =IF(Calc!$B9,Calc!E9,"") | B9: =IF(Calc!$B9,INDEX(MineNames,Calc!C9),"") | C9: =IF(Calc!$B9,Calc!O9,"")
A10: =IF(Calc!$B10,Calc!E10,"") | B10: =IF(Calc!$B10,INDEX(MineNames,Calc!C10),"") | C10: =IF(Calc!$B10,Calc!O10,"")
A11: =IF(Calc!$B11,Calc!E11,"") | B11: =IF(Calc!$B11,INDEX(MineNames,Calc!C11),"") | C11: =IF(Calc!$B11,Calc!O11,"")
A12: =IF(Calc!$B12,Calc!E12,"") | B12: =IF(Calc!$B12,INDEX(MineNames,Calc!C12),"") | C12: =IF(Calc!$B12,Calc!O12,"")
A13: =IF(Calc!$B13,Calc!E13,"") | B13: =IF(Calc!$B13,INDEX(MineNames,Calc!C13),"") | C13: =IF(Calc!$B13,Calc!O13,"")
... A7301: =IF(Calc!$B7301,Calc!E7301,"") | B7301: =IF(Calc!$B7301,INDEX(MineNames,Calc!C7301),"") | C7301: =IF(Calc!$B7301,Calc!O7301,"")

Sheet Chart

Sheet Helpers
A1: Mine | B1: Name | C1: Size factor
A2: 1 | B2: =IF(A2<=MineCount,INDEX(MineNames,A2),"") | C2: =1+Spread*(2*MOD(SIN(Seed*1.3711+A2*91.733)*43758.5453,1)-1)
A3: 2 | B3: =IF(A3<=MineCount,INDEX(MineNames,A3),"") | C3: =1+Spread*(2*MOD(SIN(Seed*1.3711+A3*91.733)*43758.5453,1)-1)
A4: 3 | B4: =IF(A4<=MineCount,INDEX(MineNames,A4),"") | C4: =1+Spread*(2*MOD(SIN(Seed*1.3711+A4*91.733)*43758.5453,1)-1)
A5: 4 | B5: =IF(A5<=MineCount,INDEX(MineNames,A5),"") | C5: =1+Spread*(2*MOD(SIN(Seed*1.3711+A5*91.733)*43758.5453,1)-1)
A6: 5 | B6: =IF(A6<=MineCount,INDEX(MineNames,A6),"") | C6: =1+Spread*(2*MOD(SIN(Seed*1.3711+A6*91.733)*43758.5453,1)-1)
A7: 6 | B7: =IF(A7<=MineCount,INDEX(MineNames,A7),"") | C7: =1+Spread*(2*MOD(SIN(Seed*1.3711+A7*91.733)*43758.5453,1)-1)
A8: 7 | B8: =IF(A8<=MineCount,INDEX(MineNames,A8),"") | C8: =1+Spread*(2*MOD(SIN(Seed*1.3711+A8*91.733)*43758.5453,1)-1)
A9: 8 | B9: =IF(A9<=MineCount,INDEX(MineNames,A9),"") | C9: =1+Spread*(2*MOD(SIN(Seed*1.3711+A9*91.733)*43758.5453,1)-1)
A10: 9 | B10: =IF(A10<=MineCount,INDEX(MineNames,A10),"") | C10: =1+Spread*(2*MOD(SIN(Seed*1.3711+A10*91.733)*43758.5453,1)-1)
A11: 10 | B11: =IF(A11<=MineCount,INDEX(MineNames,A11),"") | C11: =1+Spread*(2*MOD(SIN(Seed*1.3711+A11*91.733)*43758.5453,1)-1)
E12: Random rank key per mine | O12: Affected (1) or not (0)
A13: Event | B13: Factor | C13: Center | D13: Sigma | E13: 1 | F13: 2 | G13: 3 | H13: 4 | I13: 5 | J13: 6 | K13: 7 | L13: 8 | M13: 9 | N13: 10 | O13: 1 | P13: 2 | Q13: 3 | R13: 4 | S13: 5 | T13: 6 | U13: 7 | V13: 8 | W13: 9 | X13: 10
A14: 1 | B14: =IF(INDEX(EvDate,1)="",1,MAX(INDEX(EvFactor,1),0.01)) | C14: =IF(INDEX(EvDate,1)="",0,INDEX(EvDate,1)+(MAX(INDEX(EvDur,1),1)-1)/2) | D14: =MAX(INDEX(EvDur,1),1)/2 | E14: =IF(1>MineCount,2,MOD(SIN(Seed*0.9137+1*311.71+1*17.317)*43758.5453,1)) | F14: =IF(2>MineCount,2,MOD(SIN(Seed*0.9137+1*311.71+2*17.317)*43758.5453,1)) | G14: =IF(3>MineCount,2,MOD(SIN(Seed*0.9137+1*311.71+3*17.317)*43758.5453,1)) | H14: =IF(4>MineCount,2,MOD(SIN(Seed*0.9137+1*311.71+4*17.317)*43758.5453,1)) | I14: =IF(5>MineCount,2,MOD(SIN(Seed*0.9137+1*311.71+5*17.317)*43758.5453,1)) | J14: =IF(6>MineCount,2,MOD(SIN(Seed*0.9137+1*311.71+6*17.317)*43758.5453,1)) | K14: =IF(7>MineCount,2,MOD(SIN(Seed*0.9137+1*311.71+7*17.317)*43758.5453,1)) | L14: =IF(8>MineCount,2,MOD(SIN(Seed*0.9137+1*311.71+8*17.317)*43758.5453,1)) | M14: =IF(9>MineCount,2,MOD(SIN(Seed*0.9137+1*311.71+9*17.317)*43758.5453,1)) | N14: =IF(10>MineCount,2,MOD(SIN(Seed*0.9137+1*311.71+10*17.317)*43758.5453,1)) | O14: =IF(OR(1>MineCount,INDEX(EvDate,1)=""),0,IF(INDEX(EvN,1)<>"",IF(COUNTIF($E14:$N14,"<"&E14)<INDEX(EvN,1),1,0),IF(E14<INDEX(EvProb,1),1,0))) | P14: =IF(OR(2>MineCount,INDEX(EvDate,1)=""),0,IF(INDEX(EvN,1)<>"",IF(COUNTIF($E14:$N14,"<"&F14)<INDEX(EvN,1),1,0),IF(F14<INDEX(EvProb,1),1,0))) | Q14: =IF(OR(3>MineCount,INDEX(EvDate,1)=""),0,IF(INDEX(EvN,1)<>"",IF(COUNTIF($E14:$N14,"<"&G14)<INDEX(EvN,1),1,0),IF(G14<INDEX(EvProb,1),1,0))) | R14: =IF(OR(4>MineCount,INDEX(EvDate,1)=""),0,IF(INDEX(EvN,1)<>"",IF(COUNTIF($E14:$N14,"<"&H14)<INDEX(EvN,1),1,0),IF(H14<INDEX(EvProb,1),1,0))) | S14: =IF(OR(5>MineCount,INDEX(EvDate,1)=""),0,IF(INDEX(EvN,1)<>"",IF(COUNTIF($E14:$N14,"<"&I14)<INDEX(EvN,1),1,0),IF(I14<INDEX(EvProb,1),1,0))) | T14: =IF(OR(6>MineCount,INDEX(EvDate,1)=""),0,IF(INDEX(EvN,1)<>"",IF(COUNTIF($E14:$N14,"<"&J14)<INDEX(EvN,1),1,0),IF(J14<INDEX(EvProb,1),1,0))) | U14: =IF(OR(7>MineCount,INDEX(EvDate,1)=""),0,IF(INDEX(EvN,1)<>"",IF(COUNTIF($E14:$N14,"<"&K14)<INDEX(EvN,1),1,0),IF(K14<INDEX(EvProb,1),1,0))) | V14: =IF(OR(8>MineCount,INDEX(EvDate,1)=""),0,IF(INDEX(EvN,1)<>"",IF(COUNTIF($E14:$N14,"<"&L14)<INDEX(EvN,1),1,0),IF(L14<INDEX(EvProb,1),1,0))) | W14: =IF(OR(9>MineCount,INDEX(EvDate,1)=""),0,IF(INDEX(EvN,1)<>"",IF(COUNTIF($E14:$N14,"<"&M14)<INDEX(EvN,1),1,0),IF(M14<INDEX(EvProb,1),1,0))) | X14: =IF(OR(10>MineCount,INDEX(EvDate,1)=""),0,IF(INDEX(EvN,1)<>"",IF(COUNTIF($E14:$N14,"<"&N14)<INDEX(EvN,1),1,0),IF(N14<INDEX(EvProb,1),1,0)))
A15: 2 | B15: =IF(INDEX(EvDate,2)="",1,MAX(INDEX(EvFactor,2),0.01)) | C15: =IF(INDEX(EvDate,2)="",0,INDEX(EvDate,2)+(MAX(INDEX(EvDur,2),1)-1)/2) | D15: =MAX(INDEX(EvDur,2),1)/2 | E15: =IF(1>MineCount,2,MOD(SIN(Seed*0.9137+2*311.71+1*17.317)*43758.5453,1)) | F15: =IF(2>MineCount,2,MOD(SIN(Seed*0.9137+2*311.71+2*17.317)*43758.5453,1)) | G15: =IF(3>MineCount,2,MOD(SIN(Seed*0.9137+2*311.71+3*17.317)*43758.5453,1)) | H15: =IF(4>MineCount,2,MOD(SIN(Seed*0.9137+2*311.71+4*17.317)*43758.5453,1)) | I15: =IF(5>MineCount,2,MOD(SIN(Seed*0.9137+2*311.71+5*17.317)*43758.5453,1)) | J15: =IF(6>MineCount,2,MOD(SIN(Seed*0.9137+2*311.71+6*17.317)*43758.5453,1)) | K15: =IF(7>MineCount,2,MOD(SIN(Seed*0.9137+2*311.71+7*17.317)*43758.5453,1)) | L15: =IF(8>MineCount,2,MOD(SIN(Seed*0.9137+2*311.71+8*17.317)*43758.5453,1)) | M15: =IF(9>MineCount,2,MOD(SIN(Seed*0.9137+2*311.71+9*17.317)*43758.5453,1)) | N15: =IF(10>MineCount,2,MOD(SIN(Seed*0.9137+2*311.71+10*17.317)*43758.5453,1)) | O15: =IF(OR(1>MineCount,INDEX(EvDate,2)=""),0,IF(INDEX(EvN,2)<>"",IF(COUNTIF($E15:$N15,"<"&E15)<INDEX(EvN,2),1,0),IF(E15<INDEX(EvProb,2),1,0))) | P15: =IF(OR(2>MineCount,INDEX(EvDate,2)=""),0,IF(INDEX(EvN,2)<>"",IF(COUNTIF($E15:$N15,"<"&F15)<INDEX(EvN,2),1,0),IF(F15<INDEX(EvProb,2),1,0))) | Q15: =IF(OR(3>MineCount,INDEX(EvDate,2)=""),0,IF(INDEX(EvN,2)<>"",IF(COUNTIF($E15:$N15,"<"&G15)<INDEX(EvN,2),1,0),IF(G15<INDEX(EvProb,2),1,0))) | R15: =IF(OR(4>MineCount,INDEX(EvDate,2)=""),0,IF(INDEX(EvN,2)<>"",IF(COUNTIF($E15:$N15,"<"&H15)<INDEX(EvN,2),1,0),IF(H15<INDEX(EvProb,2),1,0))) | S15: =IF(OR(5>MineCount,INDEX(EvDate,2)=""),0,IF(INDEX(EvN,2)<>"",IF(COUNTIF($E15:$N15,"<"&I15)<INDEX(EvN,2),1,0),IF(I15<INDEX(EvProb,2),1,0))) | T15: =IF(OR(6>MineCount,INDEX(EvDate,2)=""),0,IF(INDEX(EvN,2)<>"",IF(COUNTIF($E15:$N15,"<"&J15)<INDEX(EvN,2),1,0),IF(J15<INDEX(EvProb,2),1,0))) | U15: =IF(OR(7>MineCount,INDEX(EvDate,2)=""),0,IF(INDEX(EvN,2)<>"",IF(COUNTIF($E15:$N15,"<"&K15)<INDEX(EvN,2),1,0),IF(K15<INDEX(EvProb,2),1,0))) | V15: =IF(OR(8>MineCount,INDEX(EvDate,2)=""),0,IF(INDEX(EvN,2)<>"",IF(COUNTIF($E15:$N15,"<"&L15)<INDEX(EvN,2),1,0),IF(L15<INDEX(EvProb,2),1,0))) | W15: =IF(OR(9>MineCount,INDEX(EvDate,2)=""),0,IF(INDEX(EvN,2)<>"",IF(COUNTIF($E15:$N15,"<"&M15)<INDEX(EvN,2),1,0),IF(M15<INDEX(EvProb,2),1,0))) | X15: =IF(OR(10>MineCount,INDEX(EvDate,2)=""),0,IF(INDEX(EvN,2)<>"",IF(COUNTIF($E15:$N15,"<"&N15)<INDEX(EvN,2),1,0),IF(N15<INDEX(EvProb,2),1,0)))
A16: 3 | B16: =IF(INDEX(EvDate,3)="",1,MAX(INDEX(EvFactor,3),0.01)) | C16: =IF(INDEX(EvDate,3)="",0,INDEX(EvDate,3)+(MAX(INDEX(EvDur,3),1)-1)/2) | D16: =MAX(INDEX(EvDur,3),1)/2 | E16: =IF(1>MineCount,2,MOD(SIN(Seed*0.9137+3*311.71+1*17.317)*43758.5453,1)) | F16: =IF(2>MineCount,2,MOD(SIN(Seed*0.9137+3*311.71+2*17.317)*43758.5453,1)) | G16: =IF(3>MineCount,2,MOD(SIN(Seed*0.9137+3*311.71+3*17.317)*43758.5453,1)) | H16: =IF(4>MineCount,2,MOD(SIN(Seed*0.9137+3*311.71+4*17.317)*43758.5453,1)) | I16: =IF(5>MineCount,2,MOD(SIN(Seed*0.9137+3*311.71+5*17.317)*43758.5453,1)) | J16: =IF(6>MineCount,2,MOD(SIN(Seed*0.9137+3*311.71+6*17.317)*43758.5453,1)) | K16: =IF(7>MineCount,2,MOD(SIN(Seed*0.9137+3*311.71+7*17.317)*43758.5453,1)) | L16: =IF(8>MineCount,2,MOD(SIN(Seed*0.9137+3*311.71+8*17.317)*43758.5453,1)) | M16: =IF(9>MineCount,2,MOD(SIN(Seed*0.9137+3*311.71+9*17.317)*43758.5453,1)) | N16: =IF(10>MineCount,2,MOD(SIN(Seed*0.9137+3*311.71+10*17.317)*43758.5453,1)) | O16: =IF(OR(1>MineCount,INDEX(EvDate,3)=""),0,IF(INDEX(EvN,3)<>"",IF(COUNTIF($E16:$N16,"<"&E16)<INDEX(EvN,3),1,0),IF(E16<INDEX(EvProb,3),1,0))) | P16: =IF(OR(2>MineCount,INDEX(EvDate,3)=""),0,IF(INDEX(EvN,3)<>"",IF(COUNTIF($E16:$N16,"<"&F16)<INDEX(EvN,3),1,0),IF(F16<INDEX(EvProb,3),1,0))) | Q16: =IF(OR(3>MineCount,INDEX(EvDate,3)=""),0,IF(INDEX(EvN,3)<>"",IF(COUNTIF($E16:$N16,"<"&G16)<INDEX(EvN,3),1,0),IF(G16<INDEX(EvProb,3),1,0))) | R16: =IF(OR(4>MineCount,INDEX(EvDate,3)=""),0,IF(INDEX(EvN,3)<>"",IF(COUNTIF($E16:$N16,"<"&H16)<INDEX(EvN,3),1,0),IF(H16<INDEX(EvProb,3),1,0))) | S16: =IF(OR(5>MineCount,INDEX(EvDate,3)=""),0,IF(INDEX(EvN,3)<>"",IF(COUNTIF($E16:$N16,"<"&I16)<INDEX(EvN,3),1,0),IF(I16<INDEX(EvProb,3),1,0))) | T16: =IF(OR(6>MineCount,INDEX(EvDate,3)=""),0,IF(INDEX(EvN,3)<>"",IF(COUNTIF($E16:$N16,"<"&J16)<INDEX(EvN,3),1,0),IF(J16<INDEX(EvProb,3),1,0))) | U16: =IF(OR(7>MineCount,INDEX(EvDate,3)=""),0,IF(INDEX(EvN,3)<>"",IF(COUNTIF($E16:$N16,"<"&K16)<INDEX(EvN,3),1,0),IF(K16<INDEX(EvProb,3),1,0))) | V16: =IF(OR(8>MineCount,INDEX(EvDate,3)=""),0,IF(INDEX(EvN,3)<>"",IF(COUNTIF($E16:$N16,"<"&L16)<INDEX(EvN,3),1,0),IF(L16<INDEX(EvProb,3),1,0))) | W16: =IF(OR(9>MineCount,INDEX(EvDate,3)=""),0,IF(INDEX(EvN,3)<>"",IF(COUNTIF($E16:$N16,"<"&M16)<INDEX(EvN,3),1,0),IF(M16<INDEX(EvProb,3),1,0))) | X16: =IF(OR(10>MineCount,INDEX(EvDate,3)=""),0,IF(INDEX(EvN,3)<>"",IF(COUNTIF($E16:$N16,"<"&N16)<INDEX(EvN,3),1,0),IF(N16<INDEX(EvProb,3),1,0)))
A17: 4 | B17: =IF(INDEX(EvDate,4)="",1,MAX(INDEX(EvFactor,4),0.01)) | C17: =IF(INDEX(EvDate,4)="",0,INDEX(EvDate,4)+(MAX(INDEX(EvDur,4),1)-1)/2) | D17: =MAX(INDEX(EvDur,4),1)/2 | E17: =IF(1>MineCount,2,MOD(SIN(Seed*0.9137+4*311.71+1*17.317)*43758.5453,1)) | F17: =IF(2>MineCount,2,MOD(SIN(Seed*0.9137+4*311.71+2*17.317)*43758.5453,1)) | G17: =IF(3>MineCount,2,MOD(SIN(Seed*0.9137+4*311.71+3*17.317)*43758.5453,1)) | H17: =IF(4>MineCount,2,MOD(SIN(Seed*0.9137+4*311.71+4*17.317)*43758.5453,1)) | I17: =IF(5>MineCount,2,MOD(SIN(Seed*0.9137+4*311.71+5*17.317)*43758.5453,1)) | J17: =IF(6>MineCount,2,MOD(SIN(Seed*0.9137+4*311.71+6*17.317)*43758.5453,1)) | K17: =IF(7>MineCount,2,MOD(SIN(Seed*0.9137+4*311.71+7*17.317)*43758.5453,1)) | L17: =IF(8>MineCount,2,MOD(SIN(Seed*0.9137+4*311.71+8*17.317)*43758.5453,1)) | M17: =IF(9>MineCount,2,MOD(SIN(Seed*0.9137+4*311.71+9*17.317)*43758.5453,1)) | N17: =IF(10>MineCount,2,MOD(SIN(Seed*0.9137+4*311.71+10*17.317)*43758.5453,1)) | O17: =IF(OR(1>MineCount,INDEX(EvDate,4)=""),0,IF(INDEX(EvN,4)<>"",IF(COUNTIF($E17:$N17,"<"&E17)<INDEX(EvN,4),1,0),IF(E17<INDEX(EvProb,4),1,0))) | P17: =IF(OR(2>MineCount,INDEX(EvDate,4)=""),0,IF(INDEX(EvN,4)<>"",IF(COUNTIF($E17:$N17,"<"&F17)<INDEX(EvN,4),1,0),IF(F17<INDEX(EvProb,4),1,0))) | Q17: =IF(OR(3>MineCount,INDEX(EvDate,4)=""),0,IF(INDEX(EvN,4)<>"",IF(COUNTIF($E17:$N17,"<"&G17)<INDEX(EvN,4),1,0),IF(G17<INDEX(EvProb,4),1,0))) | R17: =IF(OR(4>MineCount,INDEX(EvDate,4)=""),0,IF(INDEX(EvN,4)<>"",IF(COUNTIF($E17:$N17,"<"&H17)<INDEX(EvN,4),1,0),IF(H17<INDEX(EvProb,4),1,0))) | S17: =IF(OR(5>MineCount,INDEX(EvDate,4)=""),0,IF(INDEX(EvN,4)<>"",IF(COUNTIF($E17:$N17,"<"&I17)<INDEX(EvN,4),1,0),IF(I17<INDEX(EvProb,4),1,0))) | T17: =IF(OR(6>MineCount,INDEX(EvDate,4)=""),0,IF(INDEX(EvN,4)<>"",IF(COUNTIF($E17:$N17,"<"&J17)<INDEX(EvN,4),1,0),IF(J17<INDEX(EvProb,4),1,0))) | U17: =IF(OR(7>MineCount,INDEX(EvDate,4)=""),0,IF(INDEX(EvN,4)<>"",IF(COUNTIF($E17:$N17,"<"&K17)<INDEX(EvN,4),1,0),IF(K17<INDEX(EvProb,4),1,0))) | V17: =IF(OR(8>MineCount,INDEX(EvDate,4)=""),0,IF(INDEX(EvN,4)<>"",IF(COUNTIF($E17:$N17,"<"&L17)<INDEX(EvN,4),1,0),IF(L17<INDEX(EvProb,4),1,0))) | W17: =IF(OR(9>MineCount,INDEX(EvDate,4)=""),0,IF(INDEX(EvN,4)<>"",IF(COUNTIF($E17:$N17,"<"&M17)<INDEX(EvN,4),1,0),IF(M17<INDEX(EvProb,4),1,0))) | X17: =IF(OR(10>MineCount,INDEX(EvDate,4)=""),0,IF(INDEX(EvN,4)<>"",IF(COUNTIF($E17:$N17,"<"&N17)<INDEX(EvN,4),1,0),IF(N17<INDEX(EvProb,4),1,0)))
A18: 5 | B18: =IF(INDEX(EvDate,5)="",1,MAX(INDEX(EvFactor,5),0.01)) | C18: =IF(INDEX(EvDate,5)="",0,INDEX(EvDate,5)+(MAX(INDEX(EvDur,5),1)-1)/2) | D18: =MAX(INDEX(EvDur,5),1)/2 | E18: =IF(1>MineCount,2,MOD(SIN(Seed*0.9137+5*311.71+1*17.317)*43758.5453,1)) | F18: =IF(2>MineCount,2,MOD(SIN(Seed*0.9137+5*311.71+2*17.317)*43758.5453,1)) | G18: =IF(3>MineCount,2,MOD(SIN(Seed*0.9137+5*311.71+3*17.317)*43758.5453,1)) | H18: =IF(4>MineCount,2,MOD(SIN(Seed*0.9137+5*311.71+4*17.317)*43758.5453,1)) | I18: =IF(5>MineCount,2,MOD(SIN(Seed*0.9137+5*311.71+5*17.317)*43758.5453,1)) | J18: =IF(6>MineCount,2,MOD(SIN(Seed*0.9137+5*311.71+6*17.317)*43758.5453,1)) | K18: =IF(7>MineCount,2,MOD(SIN(Seed*0.9137+5*311.71+7*17.317)*43758.5453,1)) | L18: =IF(8>MineCount,2,MOD(SIN(Seed*0.9137+5*311.71+8*17.317)*43758.5453,1)) | M18: =IF(9>MineCount,2,MOD(SIN(Seed*0.9137+5*311.71+9*17.317)*43758.5453,1)) | N18: =IF(10>MineCount,2,MOD(SIN(Seed*0.9137+5*311.71+10*17.317)*43758.5453,1)) | O18: =IF(OR(1>MineCount,INDEX(EvDate,5)=""),0,IF(INDEX(EvN,5)<>"",IF(COUNTIF($E18:$N18,"<"&E18)<INDEX(EvN,5),1,0),IF(E18<INDEX(EvProb,5),1,0))) | P18: =IF(OR(2>MineCount,INDEX(EvDate,5)=""),0,IF(INDEX(EvN,5)<>"",IF(COUNTIF($E18:$N18,"<"&F18)<INDEX(EvN,5),1,0),IF(F18<INDEX(EvProb,5),1,0))) | Q18: =IF(OR(3>MineCount,INDEX(EvDate,5)=""),0,IF(INDEX(EvN,5)<>"",IF(COUNTIF($E18:$N18,"<"&G18)<INDEX(EvN,5),1,0),IF(G18<INDEX(EvProb,5),1,0))) | R18: =IF(OR(4>MineCount,INDEX(EvDate,5)=""),0,IF(INDEX(EvN,5)<>"",IF(COUNTIF($E18:$N18,"<"&H18)<INDEX(EvN,5),1,0),IF(H18<INDEX(EvProb,5),1,0))) | S18: =IF(OR(5>MineCount,INDEX(EvDate,5)=""),0,IF(INDEX(EvN,5)<>"",IF(COUNTIF($E18:$N18,"<"&I18)<INDEX(EvN,5),1,0),IF(I18<INDEX(EvProb,5),1,0))) | T18: =IF(OR(6>MineCount,INDEX(EvDate,5)=""),0,IF(INDEX(EvN,5)<>"",IF(COUNTIF($E18:$N18,"<"&J18)<INDEX(EvN,5),1,0),IF(J18<INDEX(EvProb,5),1,0))) | U18: =IF(OR(7>MineCount,INDEX(EvDate,5)=""),0,IF(INDEX(EvN,5)<>"",IF(COUNTIF($E18:$N18,"<"&K18)<INDEX(EvN,5),1,0),IF(K18<INDEX(EvProb,5),1,0))) | V18: =IF(OR(8>MineCount,INDEX(EvDate,5)=""),0,IF(INDEX(EvN,5)<>"",IF(COUNTIF($E18:$N18,"<"&L18)<INDEX(EvN,5),1,0),IF(L18<INDEX(EvProb,5),1,0))) | W18: =IF(OR(9>MineCount,INDEX(EvDate,5)=""),0,IF(INDEX(EvN,5)<>"",IF(COUNTIF($E18:$N18,"<"&M18)<INDEX(EvN,5),1,0),IF(M18<INDEX(EvProb,5),1,0))) | X18: =IF(OR(10>MineCount,INDEX(EvDate,5)=""),0,IF(INDEX(EvN,5)<>"",IF(COUNTIF($E18:$N18,"<"&N18)<INDEX(EvN,5),1,0),IF(N18<INDEX(EvProb,5),1,0)))
A19: 6 | B19: =IF(INDEX(EvDate,6)="",1,MAX(INDEX(EvFactor,6),0.01)) | C19: =IF(INDEX(EvDate,6)="",0,INDEX(EvDate,6)+(MAX(INDEX(EvDur,6),1)-1)/2) | D19: =MAX(INDEX(EvDur,6),1)/2 | E19: =IF(1>MineCount,2,MOD(SIN(Seed*0.9137+6*311.71+1*17.317)*43758.5453,1)) | F19: =IF(2>MineCount,2,MOD(SIN(Seed*0.9137+6*311.71+2*17.317)*43758.5453,1)) | G19: =IF(3>MineCount,2,MOD(SIN(Seed*0.9137+6*311.71+3*17.317)*43758.5453,1)) | H19: =IF(4>MineCount,2,MOD(SIN(Seed*0.9137+6*311.71+4*17.317)*43758.5453,1)) | I19: =IF(5>MineCount,2,MOD(SIN(Seed*0.9137+6*311.71+5*17.317)*43758.5453,1)) | J19: =IF(6>MineCount,2,MOD(SIN(Seed*0.9137+6*311.71+6*17.317)*43758.5453,1)) | K19: =IF(7>MineCount,2,MOD(SIN(Seed*0.9137+6*311.71+7*17.317)*43758.5453,1)) | L19: =IF(8>MineCount,2,MOD(SIN(Seed*0.9137+6*311.71+8*17.317)*43758.5453,1)) | M19: =IF(9>MineCount,2,MOD(SIN(Seed*0.9137+6*311.71+9*17.317)*43758.5453,1)) | N19: =IF(10>MineCount,2,MOD(SIN(Seed*0.9137+6*311.71+10*17.317)*43758.5453,1)) | O19: =IF(OR(1>MineCount,INDEX(EvDate,6)=""),0,IF(INDEX(EvN,6)<>"",IF(COUNTIF($E19:$N19,"<"&E19)<INDEX(EvN,6),1,0),IF(E19<INDEX(EvProb,6),1,0))) | P19: =IF(OR(2>MineCount,INDEX(EvDate,6)=""),0,IF(INDEX(EvN,6)<>"",IF(COUNTIF($E19:$N19,"<"&F19)<INDEX(EvN,6),1,0),IF(F19<INDEX(EvProb,6),1,0))) | Q19: =IF(OR(3>MineCount,INDEX(EvDate,6)=""),0,IF(INDEX(EvN,6)<>"",IF(COUNTIF($E19:$N19,"<"&G19)<INDEX(EvN,6),1,0),IF(G19<INDEX(EvProb,6),1,0))) | R19: =IF(OR(4>MineCount,INDEX(EvDate,6)=""),0,IF(INDEX(EvN,6)<>"",IF(COUNTIF($E19:$N19,"<"&H19)<INDEX(EvN,6),1,0),IF(H19<INDEX(EvProb,6),1,0))) | S19: =IF(OR(5>MineCount,INDEX(EvDate,6)=""),0,IF(INDEX(EvN,6)<>"",IF(COUNTIF($E19:$N19,"<"&I19)<INDEX(EvN,6),1,0),IF(I19<INDEX(EvProb,6),1,0))) | T19: =IF(OR(6>MineCount,INDEX(EvDate,6)=""),0,IF(INDEX(EvN,6)<>"",IF(COUNTIF($E19:$N19,"<"&J19)<INDEX(EvN,6),1,0),IF(J19<INDEX(EvProb,6),1,0))) | U19: =IF(OR(7>MineCount,INDEX(EvDate,6)=""),0,IF(INDEX(EvN,6)<>"",IF(COUNTIF($E19:$N19,"<"&K19)<INDEX(EvN,6),1,0),IF(K19<INDEX(EvProb,6),1,0))) | V19: =IF(OR(8>MineCount,INDEX(EvDate,6)=""),0,IF(INDEX(EvN,6)<>"",IF(COUNTIF($E19:$N19,"<"&L19)<INDEX(EvN,6),1,0),IF(L19<INDEX(EvProb,6),1,0))) | W19: =IF(OR(9>MineCount,INDEX(EvDate,6)=""),0,IF(INDEX(EvN,6)<>"",IF(COUNTIF($E19:$N19,"<"&M19)<INDEX(EvN,6),1,0),IF(M19<INDEX(EvProb,6),1,0))) | X19: =IF(OR(10>MineCount,INDEX(EvDate,6)=""),0,IF(INDEX(EvN,6)<>"",IF(COUNTIF($E19:$N19,"<"&N19)<INDEX(EvN,6),1,0),IF(N19<INDEX(EvProb,6),1,0)))

Sheet Calc
A1: k | B1: active | C1: mine | D1: day | E1: date | F1: u1 | G1: u2 | H1: z | I1: smoothed | J1: base | K1: size | L1: weekday | M1: trend | N1: events | O1: output
A2: 1 | B2: =A2<=MineCount*Days | C2: =IF(B2,INT((A2-1)/Days)+1,"") | D2: =IF(B2,MOD(A2-1,Days),"") | E2: =IF(B2,StartDate+D2,"") | F2: =IF(B2,MAX(MOD(SIN(Seed*0.1373+C2*12.9898+D2*78.233)*43758.5453,1),1E-9),"") | G2: =IF(B2,MOD(SIN(Seed*0.5917+C2*39.3468+D2*11.135)*24634.6345,1),"") | H2: =IF(B2,SQRT(-2*LN(F2))*COS(2*PI()*G2),"") | I2: =IF(B2,IF(D2=0,H2,Rho*I1+SQRT(1-Rho^2)*H2),"") | J2: =IF(B2,IF(Dist="Normal",DistA+DistB*I2,DistA+(DistB-DistA)*NORMSDIST(I2)),"") | K2: =IF(B2,INDEX(MineScale,C2),"") | L2: =IF(B2,INDEX(Dow,1,WEEKDAY(E2,2)),"") | M2: =IF(B2,(1+Trend)^D2,"") | N2: =IF(B2,EXP(SUMPRODUCT(LN(1+(EvEff-1)*INDEX(Affected,0,C2)*EXP(-((E2-EvCenter)^2)/(2*EvSigma^2))))),"") | O2: =IF(B2,ROUND(MAX(0,J2*K2*L2*M2*N2),2),"")
A3: 2 | B3: =A3<=MineCount*Days | C3: =IF(B3,INT((A3-1)/Days)+1,"") | D3: =IF(B3,MOD(A3-1,Days),"") | E3: =IF(B3,StartDate+D3,"") | F3: =IF(B3,MAX(MOD(SIN(Seed*0.1373+C3*12.9898+D3*78.233)*43758.5453,1),1E-9),"") | G3: =IF(B3,MOD(SIN(Seed*0.5917+C3*39.3468+D3*11.135)*24634.6345,1),"") | H3: =IF(B3,SQRT(-2*LN(F3))*COS(2*PI()*G3),"") | I3: =IF(B3,IF(D3=0,H3,Rho*I2+SQRT(1-Rho^2)*H3),"") | J3: =IF(B3,IF(Dist="Normal",DistA+DistB*I3,DistA+(DistB-DistA)*NORMSDIST(I3)),"") | K3: =IF(B3,INDEX(MineScale,C3),"") | L3: =IF(B3,INDEX(Dow,1,WEEKDAY(E3,2)),"") | M3: =IF(B3,(1+Trend)^D3,"") | N3: =IF(B3,EXP(SUMPRODUCT(LN(1+(EvEff-1)*INDEX(Affected,0,C3)*EXP(-((E3-EvCenter)^2)/(2*EvSigma^2))))),"") | O3: =IF(B3,ROUND(MAX(0,J3*K3*L3*M3*N3),2),"")
A4: 3 | B4: =A4<=MineCount*Days | C4: =IF(B4,INT((A4-1)/Days)+1,"") | D4: =IF(B4,MOD(A4-1,Days),"") | E4: =IF(B4,StartDate+D4,"") | F4: =IF(B4,MAX(MOD(SIN(Seed*0.1373+C4*12.9898+D4*78.233)*43758.5453,1),1E-9),"") | G4: =IF(B4,MOD(SIN(Seed*0.5917+C4*39.3468+D4*11.135)*24634.6345,1),"") | H4: =IF(B4,SQRT(-2*LN(F4))*COS(2*PI()*G4),"") | I4: =IF(B4,IF(D4=0,H4,Rho*I3+SQRT(1-Rho^2)*H4),"") | J4: =IF(B4,IF(Dist="Normal",DistA+DistB*I4,DistA+(DistB-DistA)*NORMSDIST(I4)),"") | K4: =IF(B4,INDEX(MineScale,C4),"") | L4: =IF(B4,INDEX(Dow,1,WEEKDAY(E4,2)),"") | M4: =IF(B4,(1+Trend)^D4,"") | N4: =IF(B4,EXP(SUMPRODUCT(LN(1+(EvEff-1)*INDEX(Affected,0,C4)*EXP(-((E4-EvCenter)^2)/(2*EvSigma^2))))),"") | O4: =IF(B4,ROUND(MAX(0,J4*K4*L4*M4*N4),2),"")
A5: 4 | B5: =A5<=MineCount*Days | C5: =IF(B5,INT((A5-1)/Days)+1,"") | D5: =IF(B5,MOD(A5-1,Days),"") | E5: =IF(B5,StartDate+D5,"") | F5: =IF(B5,MAX(MOD(SIN(Seed*0.1373+C5*12.9898+D5*78.233)*43758.5453,1),1E-9),"") | G5: =IF(B5,MOD(SIN(Seed*0.5917+C5*39.3468+D5*11.135)*24634.6345,1),"") | H5: =IF(B5,SQRT(-2*LN(F5))*COS(2*PI()*G5),"") | I5: =IF(B5,IF(D5=0,H5,Rho*I4+SQRT(1-Rho^2)*H5),"") | J5: =IF(B5,IF(Dist="Normal",DistA+DistB*I5,DistA+(DistB-DistA)*NORMSDIST(I5)),"") | K5: =IF(B5,INDEX(MineScale,C5),"") | L5: =IF(B5,INDEX(Dow,1,WEEKDAY(E5,2)),"") | M5: =IF(B5,(1+Trend)^D5,"") | N5: =IF(B5,EXP(SUMPRODUCT(LN(1+(EvEff-1)*INDEX(Affected,0,C5)*EXP(-((E5-EvCenter)^2)/(2*EvSigma^2))))),"") | O5: =IF(B5,ROUND(MAX(0,J5*K5*L5*M5*N5),2),"")
A6: 5 | B6: =A6<=MineCount*Days | C6: =IF(B6,INT((A6-1)/Days)+1,"") | D6: =IF(B6,MOD(A6-1,Days),"") | E6: =IF(B6,StartDate+D6,"") | F6: =IF(B6,MAX(MOD(SIN(Seed*0.1373+C6*12.9898+D6*78.233)*43758.5453,1),1E-9),"") | G6: =IF(B6,MOD(SIN(Seed*0.5917+C6*39.3468+D6*11.135)*24634.6345,1),"") | H6: =IF(B6,SQRT(-2*LN(F6))*COS(2*PI()*G6),"") | I6: =IF(B6,IF(D6=0,H6,Rho*I5+SQRT(1-Rho^2)*H6),"") | J6: =IF(B6,IF(Dist="Normal",DistA+DistB*I6,DistA+(DistB-DistA)*NORMSDIST(I6)),"") | K6: =IF(B6,INDEX(MineScale,C6),"") | L6: =IF(B6,INDEX(Dow,1,WEEKDAY(E6,2)),"") | M6: =IF(B6,(1+Trend)^D6,"") | N6: =IF(B6,EXP(SUMPRODUCT(LN(1+(EvEff-1)*INDEX(Affected,0,C6)*EXP(-((E6-EvCenter)^2)/(2*EvSigma^2))))),"") | O6: =IF(B6,ROUND(MAX(0,J6*K6*L6*M6*N6),2),"")
A7: 6 | B7: =A7<=MineCount*Days | C7: =IF(B7,INT((A7-1)/Days)+1,"") | D7: =IF(B7,MOD(A7-1,Days),"") | E7: =IF(B7,StartDate+D7,"") | F7: =IF(B7,MAX(MOD(SIN(Seed*0.1373+C7*12.9898+D7*78.233)*43758.5453,1),1E-9),"") | G7: =IF(B7,MOD(SIN(Seed*0.5917+C7*39.3468+D7*11.135)*24634.6345,1),"") | H7: =IF(B7,SQRT(-2*LN(F7))*COS(2*PI()*G7),"") | I7: =IF(B7,IF(D7=0,H7,Rho*I6+SQRT(1-Rho^2)*H7),"") | J7: =IF(B7,IF(Dist="Normal",DistA+DistB*I7,DistA+(DistB-DistA)*NORMSDIST(I7)),"") | K7: =IF(B7,INDEX(MineScale,C7),"") | L7: =IF(B7,INDEX(Dow,1,WEEKDAY(E7,2)),"") | M7: =IF(B7,(1+Trend)^D7,"") | N7: =IF(B7,EXP(SUMPRODUCT(LN(1+(EvEff-1)*INDEX(Affected,0,C7)*EXP(-((E7-EvCenter)^2)/(2*EvSigma^2))))),"") | O7: =IF(B7,ROUND(MAX(0,J7*K7*L7*M7*N7),2),"")
A8: 7 | B8: =A8<=MineCount*Days | C8: =IF(B8,INT((A8-1)/Days)+1,"") | D8: =IF(B8,MOD(A8-1,Days),"") | E8: =IF(B8,StartDate+D8,"") | F8: =IF(B8,MAX(MOD(SIN(Seed*0.1373+C8*12.9898+D8*78.233)*43758.5453,1),1E-9),"") | G8: =IF(B8,MOD(SIN(Seed*0.5917+C8*39.3468+D8*11.135)*24634.6345,1),"") | H8: =IF(B8,SQRT(-2*LN(F8))*COS(2*PI()*G8),"") | I8: =IF(B8,IF(D8=0,H8,Rho*I7+SQRT(1-Rho^2)*H8),"") | J8: =IF(B8,IF(Dist="Normal",DistA+DistB*I8,DistA+(DistB-DistA)*NORMSDIST(I8)),"") | K8: =IF(B8,INDEX(MineScale,C8),"") | L8: =IF(B8,INDEX(Dow,1,WEEKDAY(E8,2)),"") | M8: =IF(B8,(1+Trend)^D8,"") | N8: =IF(B8,EXP(SUMPRODUCT(LN(1+(EvEff-1)*INDEX(Affected,0,C8)*EXP(-((E8-EvCenter)^2)/(2*EvSigma^2))))),"") | O8: =IF(B8,ROUND(MAX(0,J8*K8*L8*M8*N8),2),"")
A9: 8 | B9: =A9<=MineCount*Days | C9: =IF(B9,INT((A9-1)/Days)+1,"") | D9: =IF(B9,MOD(A9-1,Days),"") | E9: =IF(B9,StartDate+D9,"") | F9: =IF(B9,MAX(MOD(SIN(Seed*0.1373+C9*12.9898+D9*78.233)*43758.5453,1),1E-9),"") | G9: =IF(B9,MOD(SIN(Seed*0.5917+C9*39.3468+D9*11.135)*24634.6345,1),"") | H9: =IF(B9,SQRT(-2*LN(F9))*COS(2*PI()*G9),"") | I9: =IF(B9,IF(D9=0,H9,Rho*I8+SQRT(1-Rho^2)*H9),"") | J9: =IF(B9,IF(Dist="Normal",DistA+DistB*I9,DistA+(DistB-DistA)*NORMSDIST(I9)),"") | K9: =IF(B9,INDEX(MineScale,C9),"") | L9: =IF(B9,INDEX(Dow,1,WEEKDAY(E9,2)),"") | M9: =IF(B9,(1+Trend)^D9,"") | N9: =IF(B9,EXP(SUMPRODUCT(LN(1+(EvEff-1)*INDEX(Affected,0,C9)*EXP(-((E9-EvCenter)^2)/(2*EvSigma^2))))),"") | O9: =IF(B9,ROUND(MAX(0,J9*K9*L9*M9*N9),2),"")
A10: 9 | B10: =A10<=MineCount*Days | C10: =IF(B10,INT((A10-1)/Days)+1,"") | D10: =IF(B10,MOD(A10-1,Days),"") | E10: =IF(B10,StartDate+D10,"") | F10: =IF(B10,MAX(MOD(SIN(Seed*0.1373+C10*12.9898+D10*78.233)*43758.5453,1),1E-9),"") | G10: =IF(B10,MOD(SIN(Seed*0.5917+C10*39.3468+D10*11.135)*24634.6345,1),"") | H10: =IF(B10,SQRT(-2*LN(F10))*COS(2*PI()*G10),"") | I10: =IF(B10,IF(D10=0,H10,Rho*I9+SQRT(1-Rho^2)*H10),"") | J10: =IF(B10,IF(Dist="Normal",DistA+DistB*I10,DistA+(DistB-DistA)*NORMSDIST(I10)),"") | K10: =IF(B10,INDEX(MineScale,C10),"") | L10: =IF(B10,INDEX(Dow,1,WEEKDAY(E10,2)),"") | M10: =IF(B10,(1+Trend)^D10,"") | N10: =IF(B10,EXP(SUMPRODUCT(LN(1+(EvEff-1)*INDEX(Affected,0,C10)*EXP(-((E10-EvCenter)^2)/(2*EvSigma^2))))),"") | O10: =IF(B10,ROUND(MAX(0,J10*K10*L10*M10*N10),2),"")
A11: 10 | B11: =A11<=MineCount*Days | C11: =IF(B11,INT((A11-1)/Days)+1,"") | D11: =IF(B11,MOD(A11-1,Days),"") | E11: =IF(B11,StartDate+D11,"") | F11: =IF(B11,MAX(MOD(SIN(Seed*0.1373+C11*12.9898+D11*78.233)*43758.5453,1),1E-9),"") | G11: =IF(B11,MOD(SIN(Seed*0.5917+C11*39.3468+D11*11.135)*24634.6345,1),"") | H11: =IF(B11,SQRT(-2*LN(F11))*COS(2*PI()*G11),"") | I11: =IF(B11,IF(D11=0,H11,Rho*I10+SQRT(1-Rho^2)*H11),"") | J11: =IF(B11,IF(Dist="Normal",DistA+DistB*I11,DistA+(DistB-DistA)*NORMSDIST(I11)),"") | K11: =IF(B11,INDEX(MineScale,C11),"") | L11: =IF(B11,INDEX(Dow,1,WEEKDAY(E11,2)),"") | M11: =IF(B11,(1+Trend)^D11,"") | N11: =IF(B11,EXP(SUMPRODUCT(LN(1+(EvEff-1)*INDEX(Affected,0,C11)*EXP(-((E11-EvCenter)^2)/(2*EvSigma^2))))),"") | O11: =IF(B11,ROUND(MAX(0,J11*K11*L11*M11*N11),2),"")
A12: 11 | B12: =A12<=MineCount*Days | C12: =IF(B12,INT((A12-1)/Days)+1,"") | D12: =IF(B12,MOD(A12-1,Days),"") | E12: =IF(B12,StartDate+D12,"") | F12: =IF(B12,MAX(MOD(SIN(Seed*0.1373+C12*12.9898+D12*78.233)*43758.5453,1),1E-9),"") | G12: =IF(B12,MOD(SIN(Seed*0.5917+C12*39.3468+D12*11.135)*24634.6345,1),"") | H12: =IF(B12,SQRT(-2*LN(F12))*COS(2*PI()*G12),"") | I12: =IF(B12,IF(D12=0,H12,Rho*I11+SQRT(1-Rho^2)*H12),"") | J12: =IF(B12,IF(Dist="Normal",DistA+DistB*I12,DistA+(DistB-DistA)*NORMSDIST(I12)),"") | K12: =IF(B12,INDEX(MineScale,C12),"") | L12: =IF(B12,INDEX(Dow,1,WEEKDAY(E12,2)),"") | M12: =IF(B12,(1+Trend)^D12,"") | N12: =IF(B12,EXP(SUMPRODUCT(LN(1+(EvEff-1)*INDEX(Affected,0,C12)*EXP(-((E12-EvCenter)^2)/(2*EvSigma^2))))),"") | O12: =IF(B12,ROUND(MAX(0,J12*K12*L12*M12*N12),2),"")
A13: 12 | B13: =A13<=MineCount*Days | C13: =IF(B13,INT((A13-1)/Days)+1,"") | D13: =IF(B13,MOD(A13-1,Days),"") | E13: =IF(B13,StartDate+D13,"") | F13: =IF(B13,MAX(MOD(SIN(Seed*0.1373+C13*12.9898+D13*78.233)*43758.5453,1),1E-9),"") | G13: =IF(B13,MOD(SIN(Seed*0.5917+C13*39.3468+D13*11.135)*24634.6345,1),"") | H13: =IF(B13,SQRT(-2*LN(F13))*COS(2*PI()*G13),"") | I13: =IF(B13,IF(D13=0,H13,Rho*I12+SQRT(1-Rho^2)*H13),"") | J13: =IF(B13,IF(Dist="Normal",DistA+DistB*I13,DistA+(DistB-DistA)*NORMSDIST(I13)),"") | K13: =IF(B13,INDEX(MineScale,C13),"") | L13: =IF(B13,INDEX(Dow,1,WEEKDAY(E13,2)),"") | M13: =IF(B13,(1+Trend)^D13,"") | N13: =IF(B13,EXP(SUMPRODUCT(LN(1+(EvEff-1)*INDEX(Affected,0,C13)*EXP(-((E13-EvCenter)^2)/(2*EvSigma^2))))),"") | O13: =IF(B13,ROUND(MAX(0,J13*K13*L13*M13*N13),2),"")
... A7301: 7300 | B7301: =A7301<=MineCount*Days | C7301: =IF(B7301,INT((A7301-1)/Days)+1,"") | D7301: =IF(B7301,MOD(A7301-1,Days),"") | E7301: =IF(B7301,StartDate+D7301,"") | F7301: =IF(B7301,MAX(MOD(SIN(Seed*0.1373+C7301*12.9898+D7301*78.233)*43758.5453,1),1E-9),"") | G7301: =IF(B7301,MOD(SIN(Seed*0.5917+C7301*39.3468+D7301*11.135)*24634.6345,1),"") | H7301: =IF(B7301,SQRT(-2*LN(F7301))*COS(2*PI()*G7301),"") | I7301: =IF(B7301,IF(D7301=0,H7301,Rho*I7300+SQRT(1-Rho^2)*H7301),"") | J7301: =IF(B7301,IF(Dist="Normal",DistA+DistB*I7301,DistA+(DistB-DistA)*NORMSDIST(I7301)),"") | K7301: =IF(B7301,INDEX(MineScale,C7301),"") | L7301: =IF(B7301,INDEX(Dow,1,WEEKDAY(E7301,2)),"") | M7301: =IF(B7301,(1+Trend)^D7301,"") | N7301: =IF(B7301,EXP(SUMPRODUCT(LN(1+(EvEff-1)*INDEX(Affected,0,C7301)*EXP(-((E7301-EvCenter)^2)/(2*EvSigma^2))))),"") | O7301: =IF(B7301,ROUND(MAX(0,J7301*K7301*L7301*M7301*N7301),2),"")
